full_name,stars,watchers,forks,stars_delta,watchers_delta,forks_delta,url
affaan-m/everything-claude-code,166483,166483,25836,148,148,25,https://github.com/affaan-m/everything-claude-code
shareAI-lab/learn-claude-code,56333,56333,9268,34,34,10,https://github.com/shareAI-lab/learn-claude-code
ChinaSiro/claude-code-sourcemap,9005,9005,14556,0,0,1,https://github.com/ChinaSiro/claude-code-sourcemap
pengchengneo/Claude-Code,1241,1241,2226,1,1,0,https://github.com/pengchengneo/Claude-Code
hesreallyhim/awesome-claude-code,40885,40885,3413,24,24,7,https://github.com/hesreallyhim/awesome-claude-code
shanraisshan/claude-code-best-practice,47922,47922,4727,23,23,4,https://github.com/shanraisshan/claude-code-best-practice
musistudio/claude-code-router,32890,32890,2624,10,10,0,https://github.com/musistudio/claude-code-router
davila7/claude-code-templates,25150,25150,2505,15,15,2,https://github.com/davila7/claude-code-templates
LING71671/Open-ClaudeCode,777,777,1130,0,0,0,https://github.com/LING71671/Open-ClaudeCode
oboard/claude-code-rev,3057,3057,3767,2,2,0,https://github.com/oboard/claude-code-rev
Donchitos/Claude-Code-Game-Studios,16046,16046,2300,34,34,3,https://github.com/Donchitos/Claude-Code-Game-Studios
ponponon/claude_code_src,2189,2189,3486,0,0,1,https://github.com/ponponon/claude_code_src
VoltAgent/awesome-claude-code-subagents,18290,18290,2084,17,17,3,https://github.com/VoltAgent/awesome-claude-code-subagents
anthropics/claude-code-action,7274,7274,1757,2,2,2,https://github.com/anthropics/claude-code-action
Alishahryar1/free-claude-code,9921,9921,1459,664,664,82,https://github.com/Alishahryar1/free-claude-code
Piebald-AI/claude-code-system-prompts,9475,9475,1696,10,10,1,https://github.com/Piebald-AI/claude-code-system-prompts
diet103/claude-code-infrastructure-showcase,9562,9562,1216,1,1,0,https://github.com/diet103/claude-code-infrastructure-showcase
liuup/claude-code-analysis,1976,1976,1444,1,1,2,https://github.com/liuup/claude-code-analysis
frankbria/ralph-claude-code,8839,8839,661,1,1,0,https://github.com/frankbria/ralph-claude-code
hangsman/claude-code-source,761,761,1743,0,0,1,https://github.com/hangsman/claude-code-source
ykdojo/claude-code-tips,7927,7927,582,3,3,-1,https://github.com/ykdojo/claude-code-tips
chauncygu/collection-claude-code-source-code,2255,2255,2220,1,1,2,https://github.com/chauncygu/collection-claude-code-source-code
pedrohcgs/claude-code-my-workflow,985,985,2001,1,1,-1,https://github.com/pedrohcgs/claude-code-my-workflow
ChrisWiles/claude-code-showcase,5842,5842,541,1,1,0,https://github.com/ChrisWiles/claude-code-showcase
lintsinghua/claude-code-book,2939,2939,671,2,2,0,https://github.com/lintsinghua/claude-code-book
huangserva/claude-code-cli,563,563,1294,0,0,0,https://github.com/huangserva/claude-code-cli
OneRedOak/claude-code-workflows,3786,3786,554,0,0,0,https://github.com/OneRedOak/claude-code-workflows
1rgs/claude-code-proxy,3478,3478,457,2,2,0,https://github.com/1rgs/claude-code-proxy
anthropics/skills,123561,123561,14446,81,81,9,https://github.com/anthropics/skills
777genius/claude-code-source-code,899,899,1117,0,0,0,https://github.com/777genius/claude-code-source-code
lorryjovens-hub/claude-code-rust,1462,1462,593,-1,-1,0,https://github.com/lorryjovens-hub/claude-code-rust
disler/claude-code-hooks-mastery,3567,3567,599,0,0,0,https://github.com/disler/claude-code-hooks-mastery
zebbern/claude-code-guide,4032,4032,391,3,3,0,https://github.com/zebbern/claude-code-guide
Maciek-roboblog/Claude-Code-Usage-Monitor,7774,7774,389,1,1,0,https://github.com/Maciek-roboblog/Claude-Code-Usage-Monitor
FlorianBruniaux/claude-code-ultimate-guide,3906,3906,529,3,3,1,https://github.com/FlorianBruniaux/claude-code-ultimate-guide
nicedreamzapp/claude-code-local,2173,2173,414,11,11,0,https://github.com/nicedreamzapp/claude-code-local
zstmfhy/Claude-code,190,190,285,0,0,0,https://github.com/zstmfhy/Claude-code
kodu-ai/claude-coder,5277,5277,199,0,0,0,https://github.com/kodu-ai/claude-coder
Yuyz0112/claude-code-reverse,2356,2356,404,0,0,0,https://github.com/Yuyz0112/claude-code-reverse
anthropics/claude-code-security-review,4371,4371,396,3,3,0,https://github.com/anthropics/claude-code-security-review
wanshuiyin/Auto-claude-code-research-in-sleep,7460,7460,708,21,21,1,https://github.com/wanshuiyin/Auto-claude-code-research-in-sleep
fuergaosi233/claude-code-proxy,2496,2496,355,0,0,0,https://github.com/fuergaosi233/claude-code-proxy
RichardAtCT/claude-code-telegram,2495,2495,352,0,0,0,https://github.com/RichardAtCT/claude-code-telegram
sickn33/antigravity-awesome-skills,34998,34998,5767,21,21,2,https://github.com/sickn33/antigravity-awesome-skills
Windy3f3f3f3f/how-claude-code-works,2005,2005,524,2,2,0,https://github.com/Windy3f3f3f3f/how-claude-code-works
alejandrobalderas/claude-code-from-source,1769,1769,544,6,6,2,https://github.com/alejandrobalderas/claude-code-from-source
forrestchang/andrej-karpathy-skills,84858,84858,8115,920,920,82,https://github.com/forrestchang/andrej-karpathy-skills
ding113/claude-code-hub,2643,2643,295,0,0,0,https://github.com/ding113/claude-code-hub
Cranot/claude-code-guide,2629,2629,289,0,0,0,https://github.com/Cranot/claude-code-guide
fazxes/Claude-code,211,211,208,0,0,0,https://github.com/fazxes/Claude-code
luongnv89/claude-howto,28734,28734,3526,41,41,4,https://github.com/luongnv89/claude-howto
AprilNEA/claude-code-source,373,373,613,0,0,0,https://github.com/AprilNEA/claude-code-source
anthropics/claude-code-base-action,800,800,601,0,0,0,https://github.com/anthropics/claude-code-base-action
qwibitai/nanoclaw,27945,27945,12631,22,22,14,https://github.com/qwibitai/nanoclaw
luyao618/Claude-Code-Source-Study,1230,1230,482,2,2,0,https://github.com/luyao618/Claude-Code-Source-Study
repowise-dev/claude-code-prompts,964,964,360,0,0,0,https://github.com/repowise-dev/claude-code-prompts
rohitg00/awesome-claude-code-toolkit,1417,1417,433,2,2,1,https://github.com/rohitg00/awesome-claude-code-toolkit
snarktank/ralph,17797,17797,1761,7,7,-1,https://github.com/snarktank/ralph
router-for-me/CLIProxyAPI,28615,28615,4781,48,48,19,https://github.com/router-for-me/CLIProxyAPI
JrCx7scC/claude-code-source,361,361,535,1,1,0,https://github.com/JrCx7scC/claude-code-source
edmund-io/edmunds-claude-code,1408,1408,283,0,0,0,https://github.com/edmund-io/edmunds-claude-code
https-deeplearning-ai/sc-claude-code-files,494,494,687,0,0,0,https://github.com/https-deeplearning-ai/sc-claude-code-files
guanshan/ClaudeCode,56,56,215,0,0,0,https://github.com/guanshan/ClaudeCode
bfly123/claude_code_bridge,2350,2350,226,1,1,0,https://github.com/bfly123/claude_code_bridge
Yeachan-Heo/oh-my-claudecode,31190,31190,2899,35,35,3,https://github.com/Yeachan-Heo/oh-my-claudecode
alirezarezvani/claude-skills,12639,12639,1673,13,13,2,https://github.com/alirezarezvani/claude-skills
Pimzino/claude-code-spec-workflow,3696,3696,259,2,2,0,https://github.com/Pimzino/claude-code-spec-workflow
wshobson/agents,34256,34256,3710,6,6,0,https://github.com/wshobson/agents
KimYx0207/Claude-Code-x-OpenClaw-Guide-Zh,3490,3490,675,3,3,1,https://github.com/KimYx0207/Claude-Code-x-OpenClaw-Guide-Zh
AICoderTudou/claude-code-tudou,495,495,396,0,0,0,https://github.com/AICoderTudou/claude-code-tudou
carlvellotti/claude-code-pm-course,1917,1917,298,0,0,0,https://github.com/carlvellotti/claude-code-pm-course
ghuntley/claude-code-source-code-deobfuscation,974,974,555,0,0,0,https://github.com/ghuntley/claude-code-source-code-deobfuscation
anthropics/claude-plugins-official,17771,17771,2130,15,15,5,https://github.com/anthropics/claude-plugins-official
eyaltoledano/claude-task-master,26813,26813,2504,5,5,0,https://github.com/eyaltoledano/claude-task-master
feiskyer/claude-code-settings,1465,1465,218,1,1,0,https://github.com/feiskyer/claude-code-settings
andrew-kramer-inno/claude-code-source-build,577,577,512,0,0,0,https://github.com/andrew-kramer-inno/claude-code-source-build
sugyan/claude-code-webui,1050,1050,242,-1,-1,0,https://github.com/sugyan/claude-code-webui
slopus/happy,19127,19127,1579,15,15,2,https://github.com/slopus/happy
Windy3f3f3f3f/claude-code-from-scratch,997,997,336,2,2,0,https://github.com/Windy3f3f3f3f/claude-code-from-scratch
farion1231/cc-switch,50933,50933,3277,178,178,14,https://github.com/farion1231/cc-switch
Hyper66666/claude-code-sourcemap,212,212,459,0,0,0,https://github.com/Hyper66666/claude-code-sourcemap
darcyegb/ClaudeCodeAgents,673,673,60,0,0,0,https://github.com/darcyegb/ClaudeCodeAgents
paoloanzn/free-code,8096,8096,1876,8096,8096,1876,https://github.com/paoloanzn/free-code
